{
    "Camera": {
        "AngleComplement": 0.10000000149011612,
        "PositionComplement": 0.10000000149011612,
        "distance": -20.860000610351563
    }
}
