{
    "Enemy": {
        "BackSpeed": -2.0,
        "DownSpeed": 2.0,
        "EnemyLifeMax": 3,
        "FarPlayer": 30.0,
        "FreeTimeMax": 45,
        "LengthJudgment": 180,
        "MoveSpeed": 0.03999999910593033,
        "NearPlayer": 14.949999809265137
    }
}
