{
    "Enemy": {
        "BackSpeed": -2.0,
        "DownSpeed": 1.7,
        "EnemyLifeMax": 5,
        "FarPlayer": 30.0,
        "FreeTimeMax": 45,
        "HitBackSpeed": -0.05000000074505806,
        "LengthJudgment": 90,
        "MoveSpeed": 0.020999999716877937,
        "NearPlayer": 14.949999809265137
    }
}
