{
    "Player": {
        "AddPostT": 0.05000000074505806,
        "AttackPower": 3,
        "DashCoolTime": 5,
        "DashSpeed": 10.0,
        "DownSpeed": -0.03999999910593033,
        "DownSpeedAttackVer": -0.019999999552965164,
        "HitStop": 0.030000099912285805,
        "JumpPower": 0.6000000238418579,
        "JumpPowerAttackVer": 0.44999998807907104,
        "JustAvoidT": 0.8999999761581421,
        "MotionDistance": 3.0,
        "MotionSpeed": 1.399999976158142,
        "MoveSpeed": 0.07000000029802322,
        "ScaleValue": 0.6100000143051147,
        "StrongHitStop": 0.15000000596046448,
        "TrailPosData": [
            3.700000047683716,
            0.699999988079071
        ]
    }
}
