{
    "PlayerContextState": {
        "DownSpeed": -0.009999999776482582,
        "JumpPower": 0.20000000298023224,
        "MoveSpeed": 0.07000000029802322,
        "floatSpeed": 0.10000000149011612
    }
}
