{
    "UI": {
        "checkMark1Pos": [
            325.0,
            620.0,
            -0.05000000074505806
        ],
        "checkMark2Pos": [
            435.0,
            620.0,
            0.0
        ],
        "checkMark3Pos": [
            545.0,
            620.0,
            0.0
        ],
        "checkMark4Pos": [
            655.0,
            620.0,
            0.0
        ],
        "checkMark5Pos": [
            765.0,
            620.0,
            0.0
        ],
        "checkMark6Pos": [
            875.0,
            620.0,
            0.0
        ],
        "checkMarkScale": 64.0,
        "weakTexPos": [
            632.0,
            650.0,
            0.0
        ],
        "weakTexScale": [
            631.4600219726563,
            82.55000305175781
        ]
    }
}
