{
    "Camera": {
        "AngleComplement": 0.10000000149011612,
        "PositionComplement": 0.20000000298023224,
        "distance": 15.0
    }
}
