{
    "Camera": {
        "AngleComplement": 0.20000000298023224,
        "PositionComplement": 0.20000000298023224
    }
}
